Density Functional 	 E_H 	 E_L 	 E_S 	 HLGAP 	 J_I 	 J_A 	 J_HL 	 Delta_SL
UM06(O2) 	 -860.79633 	 143.50981 	 238.92047 	 1004.30615 	 401.33304 	 143.29821 	 426.14855 	 95.41066
UB-LYP(O2) 	 -682.49865 	 137.18236 	 389.04655 	 819.68101 	 551.99679 	 141.90031 	 569.94399 	 251.86419
UVSXC(O2) 	 -696.96515 	 219.20297 	 392.93229 	 916.16812 	 545.82835 	 189.55213 	 577.80498 	 173.72932
UTPSS-TPSS(O2) 	 -693.34196 	 177.77258 	 395.74157 	 871.11455 	 539.84467 	 169.92437 	 565.95632 	 217.96899
UPBE1PBE(O2) 	 -866.86124 	 248.10972 	 263.36387 	 1114.97096 	 385.09041 	 225.45178 	 446.23215 	 15.25415
